{
    "Ar36": {
        "error": 0.00017163937442569177, 
        "filter_outliers_dict": {
            "filter_outliers": true, 
            "iterations": 2, 
            "std_devs": 2
        }, 
        "fit": "Parabolic", 
        "value": 0.001598878464750959
    }, 
    "Ar37": {
        "error": 0.0112799061806411, 
        "filter_outliers_dict": {
            "filter_outliers": true, 
            "iterations": 2, 
            "std_devs": 2
        }, 
        "fit": "linear", 
        "value": -0.24759710008646968
    }, 
    "Ar38": {
        "error": 0.013422862719930968, 
        "filter_outliers_dict": {
            "filter_outliers": true, 
            "iterations": 2, 
            "std_devs": 2
        }, 
        "fit": "linear", 
        "value": -0.08591556941223252
    }, 
    "Ar39": {
        "error": 0.023191360733565827, 
        "filter_outliers_dict": {
            "filter_outliers": true, 
            "iterations": 2, 
            "std_devs": 2
        }, 
        "fit": "Parabolic", 
        "value": 0.020545341752095075
    }, 
    "Ar40": {
        "error": 0.021098680940417, 
        "filter_outliers_dict": {
            "filter_outliers": true, 
            "iterations": 2, 
            "std_devs": 2
        }, 
        "fit": "Parabolic", 
        "value": 0.39993438984995444
    }
}