{
    "Ar36": {
        "error": 0.00015002787551970015, 
        "filter_outliers_dict": {
            "filter_outliers": true, 
            "iterations": 2, 
            "std_devs": 2
        }, 
        "fit": "Parabolic", 
        "value": 0.0013558181670973992
    }, 
    "Ar37": {
        "error": 0.011550206589197384, 
        "filter_outliers_dict": {
            "filter_outliers": true, 
            "iterations": 2, 
            "std_devs": 2
        }, 
        "fit": "linear", 
        "value": -0.2878537421746137
    }, 
    "Ar38": {
        "error": 0.013797853546548586, 
        "filter_outliers_dict": {
            "filter_outliers": true, 
            "iterations": 2, 
            "std_devs": 2
        }, 
        "fit": "linear", 
        "value": -0.10722022410638564
    }, 
    "Ar39": {
        "error": 0.024956378909600105, 
        "filter_outliers_dict": {
            "filter_outliers": true, 
            "iterations": 2, 
            "std_devs": 2
        }, 
        "fit": "Parabolic", 
        "value": -0.022497477286314203
    }, 
    "Ar40": {
        "error": 0.02087256517497462, 
        "filter_outliers_dict": {
            "filter_outliers": true, 
            "iterations": 2, 
            "std_devs": 2
        }, 
        "fit": "Parabolic", 
        "value": 0.2878403035472962
    }
}