{
    "Ar36": {
        "error": 0.00028545899271578527, 
        "filter_outliers_dict": {
            "filter_outliers": true, 
            "iterations": 2, 
            "std_devs": 2
        }, 
        "fit": "Parabolic", 
        "value": 0.006179585692926611
    }, 
    "Ar37": {
        "error": 0.011844320605609318, 
        "filter_outliers_dict": {
            "filter_outliers": true, 
            "iterations": 2, 
            "std_devs": 2
        }, 
        "fit": "linear", 
        "value": -0.8343559399003102
    }, 
    "Ar38": {
        "error": 0.014100564624407973, 
        "filter_outliers_dict": {
            "filter_outliers": true, 
            "iterations": 2, 
            "std_devs": 2
        }, 
        "fit": "linear", 
        "value": 0.019927613976672358
    }, 
    "Ar39": {
        "error": 0.02809029114894238, 
        "filter_outliers_dict": {
            "filter_outliers": true, 
            "iterations": 2, 
            "std_devs": 2
        }, 
        "fit": "Parabolic", 
        "value": -0.0209769470222314
    }, 
    "Ar40": {
        "error": 0.021011690843507028, 
        "filter_outliers_dict": {
            "filter_outliers": true, 
            "iterations": 2, 
            "std_devs": 2
        }, 
        "fit": "Parabolic", 
        "value": 1.0065461023906421
    }
}