{
    "Ar36": {
        "error": 0.00025837405911042187, 
        "filter_outliers_dict": {
            "filter_outliers": true, 
            "iterations": 2, 
            "std_devs": 2
        }, 
        "fit": "Parabolic", 
        "value": 0.0021110276997859116
    }, 
    "Ar37": {
        "error": 0.014188159988252368, 
        "filter_outliers_dict": {
            "filter_outliers": true, 
            "iterations": 2, 
            "std_devs": 2
        }, 
        "fit": "linear", 
        "value": -0.18767664489089203
    }, 
    "Ar38": {
        "error": 0.014000884440699107, 
        "filter_outliers_dict": {
            "filter_outliers": true, 
            "iterations": 2, 
            "std_devs": 2
        }, 
        "fit": "linear", 
        "value": -0.001150715494024436
    }, 
    "Ar39": {
        "error": 0.027652820868302858, 
        "filter_outliers_dict": {
            "filter_outliers": true, 
            "iterations": 2, 
            "std_devs": 2
        }, 
        "fit": "Parabolic", 
        "value": -0.019978270508658427
    }, 
    "Ar40": {
        "error": 0.02637552125284394, 
        "filter_outliers_dict": {
            "filter_outliers": true, 
            "iterations": 2, 
            "std_devs": 2
        }, 
        "fit": "Parabolic", 
        "value": 0.6427290844721104
    }
}