{
    "Ar36": {
        "error": 0.00022192298903375203, 
        "filter_outliers_dict": {
            "filter_outliers": true, 
            "iterations": 2, 
            "std_devs": 2
        }, 
        "fit": "Parabolic", 
        "value": 0.004865565104810323
    }, 
    "Ar37": {
        "error": 0.012347006780724461, 
        "filter_outliers_dict": {
            "filter_outliers": true, 
            "iterations": 2, 
            "std_devs": 2
        }, 
        "fit": "linear", 
        "value": -0.5972191383304016
    }, 
    "Ar38": {
        "error": 0.01272183735841028, 
        "filter_outliers_dict": {
            "filter_outliers": true, 
            "iterations": 2, 
            "std_devs": 2
        }, 
        "fit": "linear", 
        "value": -0.15146192191800795
    }, 
    "Ar39": {
        "error": 0.022351291619179845, 
        "filter_outliers_dict": {
            "filter_outliers": true, 
            "iterations": 2, 
            "std_devs": 2
        }, 
        "fit": "Parabolic", 
        "value": -0.06700427494042492
    }, 
    "Ar40": {
        "error": 0.0190450875734043, 
        "filter_outliers_dict": {
            "filter_outliers": true, 
            "iterations": 2, 
            "std_devs": 2
        }, 
        "fit": "Parabolic", 
        "value": -0.5086955195648146
    }
}