{
    "Ar36": {
        "error": 0.006620336547318831, 
        "filter_outliers_dict": {
            "filter_outliers": true, 
            "iterations": 2, 
            "std_devs": 2
        }, 
        "fit": "Parabolic", 
        "value": 9.069515963817999
    }, 
    "Ar37": {
        "error": 0.011127461820217194, 
        "filter_outliers_dict": {
            "filter_outliers": true, 
            "iterations": 2, 
            "std_devs": 2
        }, 
        "fit": "linear", 
        "value": -0.5402131158803727
    }, 
    "Ar38": {
        "error": 0.013188743014823047, 
        "filter_outliers_dict": {
            "filter_outliers": true, 
            "iterations": 2, 
            "std_devs": 2
        }, 
        "fit": "linear", 
        "value": 1.5886687410512934
    }, 
    "Ar39": {
        "error": 0.023082677772851223, 
        "filter_outliers_dict": {
            "filter_outliers": true, 
            "iterations": 2, 
            "std_devs": 2
        }, 
        "fit": "Parabolic", 
        "value": -0.025606488441604403
    }, 
    "Ar40": {
        "error": 0.10784953555086421, 
        "filter_outliers_dict": {
            "filter_outliers": true, 
            "iterations": 2, 
            "std_devs": 2
        }, 
        "fit": "Parabolic", 
        "value": 2675.3120462212546
    }
}